{
 "H": {
       "Z":1,
       "Atwt":1.00797,
       "bc":-3.739,
       "sc":1.7568,
       "si":80.26,
       "ss":82.02,
       "sa":3.33E-01
      },
 "D": {
       "Z":1.2,
       "Atwt":2.014,
       "bc":6.671,
       "sc":5.592,
       "si":2.05,
       "ss":7.64,
       "sa":5.19E-04
      },
 "He": {
       "Z":2,
       "Atwt":4.0026,
       "bc":3.26,
       "sc":1.34,
       "si":0,
       "ss":1.34,
       "sa":7.47E-03
      },
 "Li": {
       "Z":3,
       "Atwt":6.9409,
       "bc":-1.9,
       "sc":0.454,
       "si":0.92,
       "ss":1.37,
       "sa":7.05E+01
      },
 "6Li": {
       "Z":3.6,
       "Atwt":6,
       "bc":2,
       "sc":0.51,
       "si":0.46,
       "ss":0.97,
       "sa":9.40E+02
      },
 "7Li": {
       "Z":3.7,
       "Atwt":7,
       "bc":-2.22,
       "sc":0.619,
       "si":0.78,
       "ss":1.4,
       "sa":4.54E-02
      },
 "Be": {
       "Z":4,
       "Atwt":9.01218,
       "bc":7.79,
       "sc":7.63,
       "si":0.0018,
       "ss":7.63,
       "sa":7.60E-03
      },
 "B": {
       "Z":5,
       "Atwt":10.81003,
       "bc":5.3,
       "sc":3.54,
       "si":1.7,
       "ss":5.24,
       "sa":7.67E+02
      },
 "C": {
       "Z":6,
       "Atwt":12.0111,
       "bc":6.646,
       "sc":5.55,
       "si":0.001,
       "ss":5.551,
       "sa":3.50E-03
      },
 "N": {
       "Z":7,
       "Atwt":14.0067,
       "bc":9.36,
       "sc":11.01,
       "si":0.5,
       "ss":11.51,
       "sa":1.90E+00
      },
 "O": {
       "Z":8,
       "Atwt":15.9994,
       "bc":5.803,
       "sc":4.232,
       "si":0,
       "ss":4.232,
       "sa":1.90E-04
      },
 "F": {
       "Z":9,
       "Atwt":18.9984,
       "bc":5.654,
       "sc":4.017,
       "si":0.0008,
       "ss":4.018,
       "sa":9.60E-03
      },
 "Ne": {
       "Z":10,
       "Atwt":20.179,
       "bc":4.566,
       "sc":2.62,
       "si":0.008,
       "ss":2.628,
       "sa":3.90E-02
      },
 "Na": {
       "Z":11,
       "Atwt":22.98977,
       "bc":3.58,
       "sc":1.611,
       "si":1.674,
       "ss":3.285,
       "sa":5.30E-01
      },
 "Mg": {
       "Z":12,
       "Atwt":24.305,
       "bc":5.375,
       "sc":3.631,
       "si":0.08,
       "ss":3.71,
       "sa":6.30E-02
      },
 "Al": {
       "Z":13,
       "Atwt":26.98154,
       "bc":3.449,
       "sc":1.495,
       "si":0.0082,
       "ss":1.503,
       "sa":2.31E-01
      },
 "Si": {
       "Z":14,
       "Atwt":28.0855,
       "bc":4.1491,
       "sc":2.1633,
       "si":0.004,
       "ss":2.167,
       "sa":1.71E-01
      },
 "P": {
       "Z":15,
       "Atwt":30.97376,
       "bc":5.13,
       "sc":3.307,
       "si":0.005,
       "ss":3.312,
       "sa":1.72E-01
      },
 "S": {
       "Z":16,
       "Atwt":32.066,
       "bc":2.847,
       "sc":1.0186,
       "si":0.007,
       "ss":1.026,
       "sa":5.30E-01
      },
 "Cl": {
       "Z":17,
       "Atwt":35.453,
       "bc":9.577,
       "sc":11.526,
       "si":5.3,
       "ss":16.8,
       "sa":3.35E+01
      },
 "Ar": {
       "Z":18,
       "Atwt":39.948,
       "bc":1.909,
       "sc":0.458,
       "si":0.225,
       "ss":0.683,
       "sa":6.75E-01
      },
 "K": {
       "Z":19,
       "Atwt":39.0983,
       "bc":3.67,
       "sc":1.69,
       "si":0.27,
       "ss":1.96,
       "sa":2.10E+00
      },
 "Ca": {
       "Z":20,
       "Atwt":40.078,
       "bc":4.76,
       "sc":2.85,
       "si":0.04,
       "ss":2.89,
       "sa":4.30E-01
      },
 "Sc": {
       "Z":21,
       "Atwt":44.95591,
       "bc":12.29,
       "sc":19,
       "si":4.5,
       "ss":23.5,
       "sa":2.75E+01
      },
 "Ti": {
       "Z":22,
       "Atwt":47.88,
       "bc":-3.438,
       "sc":1.485,
       "si":2.87,
       "ss":4.35,
       "sa":6.09E+00
      },
 "V": {
       "Z":23,
       "Atwt":50.9415,
       "bc":-0.3824,
       "sc":0.0184,
       "si":5.08,
       "ss":5.1,
       "sa":5.08E+00
      },
 "Cr": {
       "Z":24,
       "Atwt":51.996,
       "bc":3.635,
       "sc":1.66,
       "si":1.83,
       "ss":3.49,
       "sa":3.05E+00
      },
 "Mn": {
       "Z":25,
       "Atwt":54.938,
       "bc":-3.73,
       "sc":1.75,
       "si":0.4,
       "ss":2.15,
       "sa":1.33E+01
      },
 "Fe": {
       "Z":26,
       "Atwt":55.847,
       "bc":9.54,
       "sc":11.44,
       "si":0.38,
       "ss":11.82,
       "sa":2.56E+00
      },
 "Co": {
       "Z":27,
       "Atwt":58.9332,
       "bc":2.78,
       "sc":0.97,
       "si":4.8,
       "ss":5.8,
       "sa":3.72E+01
      },
 "Ni": {
       "Z":28,
       "Atwt":58.67,
       "bc":10.3,
       "sc":13.3,
       "si":5.2,
       "ss":18.5,
       "sa":4.49E+00
      },
 "Cu": {
       "Z":29,
       "Atwt":63.546,
       "bc":7.718,
       "sc":7.485,
       "si":0.55,
       "ss":8.03,
       "sa":3.78E+00
      },
 "Zn": {
       "Z":30,
       "Atwt":65.39,
       "bc":5.68,
       "sc":4.054,
       "si":0.077,
       "ss":4.131,
       "sa":1.11E+00
      },
 "Ga": {
       "Z":31,
       "Atwt":69.723,
       "bc":7.288,
       "sc":6.675,
       "si":0.16,
       "ss":6.83,
       "sa":2.75E+00
      },
 "Ge": {
       "Z":32,
       "Atwt":72.59,
       "bc":8.185,
       "sc":8.42,
       "si":0.18,
       "ss":8.6,
       "sa":2.20E+00
      },
 "As": {
       "Z":33,
       "Atwt":74.92159,
       "bc":6.58,
       "sc":5.44,
       "si":0.06,
       "ss":5.5,
       "sa":4.50E+00
      },
 "Se": {
       "Z":34,
       "Atwt":78.96,
       "bc":7.97,
       "sc":7.98,
       "si":0.32,
       "ss":8.3,
       "sa":1.17E+01
      },
 "Br": {
       "Z":35,
       "Atwt":79.904,
       "bc":6.795,
       "sc":5.8,
       "si":0.1,
       "ss":5.9,
       "sa":6.90E+00
      },
 "Kr": {
       "Z":36,
       "Atwt":83.8,
       "bc":7.81,
       "sc":7.67,
       "si":0.01,
       "ss":7.68,
       "sa":2.50E+01
      },
 "Rb": {
       "Z":37,
       "Atwt":85.4678,
       "bc":7.09,
       "sc":6.32,
       "si":0.5,
       "ss":6.8,
       "sa":3.80E-01
      },
 "Sr": {
       "Z":38,
       "Atwt":87.62,
       "bc":7.02,
       "sc":6.19,
       "si":0.06,
       "ss":6.25,
       "sa":1.28E+00
      },
 "Y": {
       "Z":39,
       "Atwt":88.90585,
       "bc":7.75,
       "sc":7.55,
       "si":0.15,
       "ss":7.7,
       "sa":1.28E+00
      },
 "Zr": {
       "Z":40,
       "Atwt":91.224,
       "bc":7.16,
       "sc":6.44,
       "si":0.02,
       "ss":6.46,
       "sa":1.85E-01
      },
 "Nb": {
       "Z":41,
       "Atwt":92.90638,
       "bc":7.054,
       "sc":6.253,
       "si":0.0024,
       "ss":6.255,
       "sa":1.15E+00
      },
 "Mo": {
       "Z":42,
       "Atwt":95.94,
       "bc":6.715,
       "sc":5.67,
       "si":0.04,
       "ss":5.71,
       "sa":2.48E+00
      },
 "Tc": {
       "Z":43,
       "Atwt":98.90625,
       "bc":6.8,
       "sc":5.8,
       "si":0.5,
       "ss":6.3,
       "sa":2.00E+01
      },
 "Ru": {
       "Z":44,
       "Atwt":101.07,
       "bc":7.21,
       "sc":6.5,
       "si":0.1,
       "ss":6.6,
       "sa":2.56E+00
      },
 "Rh": {
       "Z":45,
       "Atwt":102.9055,
       "bc":5.88,
       "sc":4.34,
       "si":0.3,
       "ss":4.6,
       "sa":1.45E+02
      },
 "Pd": {
       "Z":46,
       "Atwt":106.42,
       "bc":5.91,
       "sc":4.39,
       "si":0.093,
       "ss":4.48,
       "sa":6.90E+00
      },
 "Ag": {
       "Z":47,
       "Atwt":107.8682,
       "bc":5.922,
       "sc":4.407,
       "si":0.58,
       "ss":4.99,
       "sa":6.33E+01
      },
 "Cd": {
       "Z":48,
       "Atwt":112.41,
       "bc":5.1,
       "sc":3.3,